{
    "a": [
        "A Coruna",
        "Aachen",
        "Aalborg",
        "Aarhus",
        "Aba",
        "Abadan",
        "Abaetetuba",
        "Abakan",
        "Abbotabad",
        "Abbotsford",
        "Abengourou",
        "Abeokuta",
        "Aberdeen",
        "Abha",
        "Abidjan",
        "Abiko",
        "Abilene",
        "Abohar",
        "Abu Al-Khaseeb",
        "Abu Dhabi",
        "Abu Ghraib",
        "Abuja",
        "Acailandia",
        "Acapulco",
        "Acarigua",
        "Accra",
        "Achalpur",
        "Acheng",
        "Achinsk",
        "Adama",
        "Adana",
        "Adapazari",
        "Addis Ababa",
        "Adelaide",
        "Aden",
        "Adhamiyah",
        "Adilabad",
        "Adityapur",
        "Adiyaman",
        "Ado-Ekiti",
        "Adoni",
        "Afyon",
        "Agadir",
        "Agartala",
        "Ageo",
        "Agra",
        "Agri",
        "Aguas Lindas de Goias",
        "Aguascalientes",
        "Ahmedabad",
        "Ahmednagar",
        "Ahome",
        "Ahvaz",
        "Ain Beida",
        "Aix-en-Provence",
        "Aizawl",
        "Aizuwakamatsu",
        "Ajax",
        "Ajman",
        "Ajmer",
        "Akashi",
        "Akbarpur",
        "Akesu",
        "Akishima",
        "Akita",
        "Akola",
        "Akron",
        "Aksaray",
        "Aktau",
        "Aktobe",
        "Al Ain",
        "Al 'Arish",
        "Al Hartha",
        "Al Hawiyah",
        "Al Khalis",
        "Al Minya",
        "Al Qadarif",
        "Al Rayyan",
        "Alagoinhas",
        "Alajuela",
        "Alandur",
        "Alanya",
        "Alappuzha",
        "Albacete",
        "Albuquerque",
        "Alcala de Henares",
        "Alchevsk",
        "Alcobendas",
        "Alcorcon",
        "Aleppo",
        "Alexandra",
        "Alexandria",
        "Alexandria",
        "Al-Fashir",
        "Algeciras",
        "Algiers",
        "Al-Hasakah",
        "Alicante",
        "Aligarh",
        "Alkmaar",
        "Allahabad",
        "Allappuzha",
        "Allentown",
        "Almada",
        "Almaty",
        "Al-Mejar Al-Kabi",
        "Almere",
        "Almeria",
        "Almetyevsk",
        "Almirante Tamandare",
        "Alor Setar",
        "Alphen aan den Rijn",
        "Al-Qa'im",
        "Al-Qurnah",
        "Al-Rifa'i",
        "Al-Shatrah",
        "Al-Suwaira",
        "Altamira",
        "Altay City",
        "Al-Thuqbah",
        "Alvorada",
        "Al-Wahda",
        "Alwar",
        "Amadora",
        "Amagasaki",
        "Amarah",
        "Amaravati",
        "Amarillo",
        "Ambala Sadar",
        "Ambala",
        "Ambarnath",
        "Ambato",
        "Ambattur",
        "Ambikapur",
        "Ambon",
        "Ambur",
        "Americana",
        "Amersfoort",
        "Amiens",
        "Amman",
        "Amol",
        "Amravati",
        "Amreli",
        "Amritsar",
        "Amroha",
        "Amsterdam",
        "Anaco",
        "Anaheim",
        "Anand",
        "Ananindeua",
        "Anantapur",
        "Anantnag",
        "Anapolis",
        "Anchorage",
        "Ancona",
        "Anda",
        "Anderlecht",
        "Andijan",
        "Andimeshk",
        "Andong",
        "Andria",
        "Angarsk",
        "Angeles",
        "Angers",
        "Angono",
        "Angra dos Reis",
        "Angren",
        "Anjo",
        "Anju",
        "Ankang",
        "Ankara",
        "Anlu",
        "Ann Arbor",
        "Annaba",
        "Anqing",
        "Ansan",
        "Anshan",
        "Anshun",
        "Antakya",
        "Antalya",
        "Antananarivo",
        "Antioch",
        "Antipolo",
        "Antofagasta",
        "Antsirabe",
        "Antwerp",
        "Anyama",
        "Anyang",
        "Anyang",
        "Aomori",
        "Apalit",
        "Aparecida de Goiania",
        "Apartado",
        "Apeldoorn",
        "Apopa",
        "Apucarana",
        "Aqaba",
        "Aracaju",
        "Aracatuba",
        "Arad",
        "Araguaina",
        "Araguari",
        "Arak",
        "Arapiraca",
        "Arapongas",
        "Arar",
        "Araraquara",
        "Araras",
        "Araruama",
        "Araucaria",
        "Araure",
        "Arayat",
        "Ardabil",
        "Arequipa",
        "Argenteuil",
        "Arica",
        "Ariquemes",
        "Arkhangelsk",
        "Arlington",
        "Arlington",
        "Armavir",
        "Armenia",
        "Arnhem",
        "Arrah",
        "Ar-Ramtha",
        "Artyom",
        "Arusha",
        "Arvada",
        "Arzamas",
        "Asahikawa",
        "Asaka",
        "Asansol",
        "Asgabat",
        "Ashaiman",
        "Ashdod",
        "Ashikaga",
        "Ashkelon",
        "Ashoknagar",
        "Asmara",
        "Assis",
        "Astrakhan",
        "Asuncion",
        "Aswan",
        "Asyut",
        "Athens",
        "Athens",
        "Athi River",
        "Atibaia",
        "Atlanta",
        "Atsugi",
        "Atushi",
        "Atyrau",
        "Auckland",
        "Augsburg",
        "Augusta",
        "Aurangabad",
        "Aurangabad",
        "Aurora",
        "Aurora",
        "Austin",
        "Avadi",
        "Avellaneda",
        "Awasa",
        "Ayacucho",
        "Aydin",
        "Azamgarh",
        "Azua"
    ],
    "b": [
        "Babol",
        "Babruysk",
        "Bacabal",
        "Bacau",
        "Bacolod",
        "Bacoor",
        "Badajoz",
        "Badalona",
        "Badlapur",
        "Bafoussam",
        "Bagaha",
        "Bagalkot",
        "Bage",
        "Baghdad",
        "Baghlan",
        "Bago",
        "Bago",
        "Baguio",
        "Bahadurgarh",
        "Baharampur",
        "Bahawalnagar",
        "Bahawalpur",
        "Bahia Blanca",
        "Bahir Dar",
        "Bahraich",
        "Baia Mare",
        "Baicheng",
        "Baidoa",
        "Baidyabati",
        "Baise",
        "Baishan",
        "Baiyin",
        "Bajos de Haina",
        "Bakersfield",
        "Baku",
        "Balakovo",
        "Balashikha",
        "Baleshwar",
        "Balikesir",
        "Balikpapan",
        "Baliuag",
        "Ballarat",
        "Ballia",
        "Bally",
        "Bally",
        "Balneario Camboriu",
        "Balti",
        "Baltimore",
        "Balurghat",
        "Bamako",
        "Bamenda",
        "Banda Aceh",
        "Banda",
        "Bandar Abbas",
        "Bandar Lampung",
        "Bandar Seri Begawan",
        "Bandar-e Anzali",
        "Bandar-e Mahshahr",
        "Bandirma",
        "Bandung",
        "Bangalore",
        "Bangaon",
        "Bangkok",
        "Bangui",
        "Banha",
        "Bani Suwayf",
        "Bani",
        "Banja Luka",
        "Banjarmasin",
        "Banjul",
        "Bankura",
        "Bansberia",
        "Banswara",
        "Baoding",
        "Baoji",
        "Baoshan",
        "Baotou",
        "Baqubah",
        "Barakaldo",
        "Baraki",
        "Baran",
        "Baranagar",
        "Baranovichi",
        "Barasat",
        "Baraut",
        "Barbacena",
        "Barcarena",
        "Barcelona",
        "Barcelona",
        "Bardhaman",
        "Bareilly",
        "Bari",
        "Barika",
        "Bariloche",
        "Barinas",
        "Baripada",
        "Barisal",
        "Barka",
        "Barnala",
        "Barnaul",
        "Barquisimeto",
        "Barra Mansa",
        "Barrackpur",
        "Barrancabermeja",
        "Barranquilla",
        "Barreiras",
        "Barretos",
        "Barrie",
        "Barshi",
        "Barueri",
        "Baruta",
        "Barysaw",
        "Basel",
        "Bashiqa",
        "Basirhat",
        "Basra",
        "Basti",
        "Bat Yam",
        "Batala",
        "Batam",
        "Batangas City",
        "Bataysk",
        "Bathinda",
        "Batman",
        "Batna",
        "Baton Rouge",
        "Battambang",
        "Batu",
        "Batu Pahat",
        "Batumi",
        "Bauru",
        "Bawshar",
        "Bayambang",
        "Bayamo",
        "Bayamon",
        "Bayannur",
        "Bayawan",
        "Baybay",
        "Bazhou",
        "Beau-Bassin Rose-Hill",
        "Beaumont",
        "Beawar",
        "Bechar",
        "Beed",
        "Beersheba",
        "Begusarai",
        "Behbahan",
        "Bei'an",
        "Beihai",
        "Beijing",
        "Beipiao",
        "Beira",
        "Beirut",
        "Beit Shemesh",
        "Bejaia",
        "Bekasi",
        "Belem",
        "Belfast",
        "Belford Roxo",
        "Belgaum",
        "Belgorod",
        "Belgrade",
        "Bellary",
        "Bellevue",
        "Bello",
        "Belo Horizonte",
        "Bengbu",
        "Benghazi",
        "Bengkulu",
        "Benguela",
        "Beni Mellal",
        "Benito Juarez",
        "Benoni",
        "Bento Goncalves",
        "Benxi",
        "Beppu",
        "Berbera",
        "Berdyansk",
        "Berezniki",
        "Bergamo",
        "Bergen",
        "Bergisch Gladbach",
        "Berhampur",
        "Berkane",
        "Berkeley",
        "Berlin",
        "Bern",
        "Berrechid",
        "Besancon",
        "Betim",
        "Bettiah",
        "Betul",
        "Bhadrak",
        "Bhadravati",
        "Bhadreswar",
        "Bhagalpur",
        "Bhalswa Jahangir Pur",
        "Bhalwal",
        "Bharatpur",
        "Bharatpur",
        "Bharuch",
        "Bhatpara",
        "Bhavnagar",
        "Bhilai",
        "Bhilwara",
        "Bhimavaram",
        "Bhimdatta",
        "Bhind",
        "Bhiwadi",
        "Bhiwandi",
        "Bhiwani",
        "Bhopal",
        "Bhubaneswar",
        "Bhuj",
        "Bhusawal",
        "Bialystok",
        "Bidar",
        "Bidhannagar",
        "Bielefeld",
        "Bielsko-Biala",
        "Bihar Sharif",
        "Bijapur",
        "Bikaner",
        "Bila Tserkva",
        "Bilaspur",
        "Bilbao",
        "Billings",
        "Binan",
        "Binangonan",
        "Binjai",
        "Bintulu",
        "Binzhou",
        "Biratnagar",
        "Birgunj",
        "Birigui",
        "Birjand",
        "Birmingham",
        "Birmingham",
        "Bishkek",
        "Bishoftu",
        "Biskra",
        "Bissau",
        "Bitung",
        "Biysk",
        "Bizerte",
        "Blackburn",
        "Blackpool",
        "Blagoveshchensk",
        "Blantyre",
        "Blida",
        "Blitar",
        "Bloemfontein",
        "Blumenau",
        "Bnei Brak",
        "Bo",
        "Boa Vista",
        "Bobo-Dioulasso",
        "Boca Chica",
        "Bocaue",
        "Bochum",
        "Bogor",
        "Bogota",
        "Bogra",
        "Boise",
        "Bojnord",
        "Bokaro Steel City",
        "Boksburg",
        "Bole",
        "Bologna",
        "Bolton",
        "Bolu",
        "Bolzano",
        "Boma",
        "Bonao",
        "Bongao",
        "Bonn",
        "Borama",
        "Bordeaux",
        "Bordj Bou Arreridj",
        "Bordj El Kiffan",
        "Borujerd",
        "Bosaso",
        "Boston",
        "Botad",
        "Botosani",
        "Botou",
        "Botshabelo",
        "Bottrop",
        "Botucatu",
        "Bou Saada",
        "Bouake",
        "Bouira",
        "Boulder",
        "Boulogne-Billancourt",
        "Bournemouth",
        "Bozhou",
        "Bradford",
        "Braga",
        "Braganca Paulista",
        "Braganca",
        "Braila",
        "Brampton",
        "Brasilia",
        "Brasov",
        "Bratislava",
        "Bratsk",
        "Braunschweig",
        "Brazzaville",
        "Breda",
        "Bremen",
        "Bremerhaven",
        "Brescia",
        "Brest",
        "Brest",
        "Bridgeport",
        "Brighton",
        "Brisbane",
        "Bristol",
        "Brno",
        "Brownsville",
        "Bruges",
        "Brusque",
        "Brussels",
        "Bryansk",
        "Bucaramanga",
        "Bucharest",
        "Bucheon",
        "Budapest",
        "Budaun",
        "Buenaventura",
        "Buenos Aires",
        "Buffalo",
        "Bujumbura",
        "Bukan",
        "Bukavu",
        "Bukhara",
        "Bulan",
        "Bulandshahr",
        "Bulawayo",
        "Bundi",
        "Buon Ma Thuot",
        "Buraidah",
        "Burao",
        "Burari",
        "Burbank",
        "Burewala",
        "Burgas",
        "Burgos",
        "Burhanpur",
        "Burlington",
        "Burnaby",
        "Bursa",
        "Busan",
        "Bushehr",
        "Butuan",
        "Butwal",
        "Buxar",
        "Buzau",
        "Bydgoszcz",
        "Bytom"
    ],
    "c": [
        "Cabanatuan",
        "Cabimas",
        "Cabo de Santo Agostinho",
        "Cabo Frio",
        "Cabuyao",
        "Cachoeirinha",
        "Cachoeiro de Itapemirim",
        "Cadiz",
        "Cadiz",
        "Caen",
        "Cagayan de Oro",
        "Cagliari",
        "Cagua",
        "Caguas",
        "Cainta",
        "Cairns",
        "Cairo",
        "Cajamarca",
        "Calabar",
        "Calama",
        "Calamba",
        "Calapan",
        "Calbayog",
        "Calgary",
        "Cali",
        "Caloocan",
        "Calumpit",
        "Cam Pha",
        "Camacari",
        "Camaguey",
        "Camaragibe",
        "Cambridge",
        "Cambridge",
        "Cambridge",
        "Cameta",
        "Campeche",
        "Campina Grande",
        "Campinas",
        "Campo Grande",
        "Campo Largo",
        "Campos dos Goytacazes",
        "Can Tho",
        "Canakkale",
        "Canberra",
        "Cancun",
        "Candaba",
        "Candelaria",
        "Cangzhou",
        "Canoas",
        "Capas",
        "Cape Coral",
        "Cape Town",
        "Cap-Haitien",
        "Capiata",
        "Caracas",
        "Caraguatatuba",
        "Carapicuiba",
        "Carcar",
        "Cardiff",
        "Cariacica",
        "Carlsbad",
        "Carolina",
        "Carora",
        "Carrefour",
        "Carrollton",
        "Cartagena de Indias",
        "Cartagena",
        "Cartagena",
        "Cartago",
        "Cartago",
        "Caruaru",
        "Carupano",
        "Cary",
        "Casablanca",
        "Cascavel",
        "Castanhal",
        "Castellon de la Plana",
        "Catacamas",
        "Catanduva",
        "Catania",
        "Catbalogan",
        "Cauayan",
        "Cauayan",
        "Caucaia",
        "Cavite City",
        "Caxias",
        "Caxias do Sul",
        "Cebu City",
        "Cedar Rapids",
        "Celaya",
        "Centennial",
        "Central Coast",
        "Champdani",
        "Chandannagar",
        "Chandausi",
        "Chandigarh",
        "Chandler",
        "Chandrapur",
        "Changchun",
        "Changde",
        "Changji",
        "Changsha",
        "Changshu",
        "Changwon",
        "Changzhi",
        "Changzhou",
        "Chaohu",
        "Chaoyang",
        "Chaozhou",
        "Chapeco",
        "Charleroi",
        "Charleston",
        "Charlotte",
        "Chas",
        "Chatham-Kent",
        "Chattanooga",
        "Cheboksary",
        "Chelyabinsk",
        "Chemnitz",
        "Chengde",
        "Chengdu",
        "Chennai",
        "Chenzhou",
        "Cheonan",
        "Cheongju",
        "Cherepovets",
        "Cherkasy",
        "Cherkessk",
        "Chernihiv",
        "Chernivtsi",
        "Chesapeake",
        "Chester",
        "Chetumal",
        "Chhapra",
        "Chhatarpur",
        "Chhindwara",
        "Chia",
        "Chiang Mai",
        "Chiayi",
        "Chiba",
        "Chibi City",
        "Chicago",
        "Chiclayo",
        "Chifeng",
        "Chigasaki",
        "Chihuahua",
        "Chikmagalur",
        "Chikusei",
        "Chikushino",
        "Chilakaluripet",
        "Chillan",
        "Chilpancingo",
        "Chimalhuacan",
        "Chimbote",
        "Chimoio",
        "Chinandega",
        "Chincha Alta",
        "Chingola",
        "Chiniot",
        "Chipata",
        "Chirchiq",
        "Chishtian",
        "Chisinau",
        "Chita",
        "Chitradurga",
        "Chittagong",
        "Chittoor",
        "Chittorgarh",
        "Chitungwiza",
        "Chizhou",
        "Chlef",
        "Chofu",
        "Choloma",
        "Choluteca",
        "Chonburi",
        "Chongjin",
        "Chongqing",
        "Chorzow",
        "Christchurch",
        "Chula Vista",
        "Chuncheon",
        "Chungju",
        "Churu",
        "Chuxiong City",
        "Chuzhou",
        "Ciego de Avila",
        "Cienaga",
        "Cienfuegos",
        "Cincinnati",
        "Cirebon",
        "Ciudad Acuna",
        "Ciudad Apodaca",
        "Ciudad Bolivar",
        "Ciudad del Carmen",
        "Ciudad del Este",
        "Ciudad Delgado",
        "Ciudad Guayana",
        "Ciudad Juarez",
        "Ciudad Lopez Mateos",
        "Ciudad Losada",
        "Ciudad Madero",
        "Ciudad Nezahualcoyotl",
        "Ciudad Obregon",
        "Ciudad Ojeda",
        "Ciudad Valles",
        "Ciudad Victoria",
        "Cixi",
        "Cizre",
        "Clarksville",
        "Clearwater",
        "Clermont-Ferrand",
        "Cleveland",
        "Cluj-Napoca",
        "Coacalco",
        "Coatzacoalcos",
        "Cochabamba",
        "Codo",
        "Coimbatore",
        "Coimbra",
        "Colatina",
        "Colchester",
        "Colima",
        "Cologne",
        "Colombo",
        "Colombo",
        "Colon",
        "Colorado Springs",
        "Columbia",
        "Columbia",
        "Columbus",
        "Columbus",
        "Comayagua",
        "Comilla",
        "Comitan",
        "Comodoro Rivadavia",
        "Conakry",
        "Concepcion",
        "Concepcion",
        "Concord",
        "Concordia",
        "Conselheiro Lafaiete",
        "Consolacion",
        "Constanta",
        "Constantine",
        "Contagem",
        "Copenhagen",
        "Copiapo",
        "Coquimbo",
        "Coquitlam",
        "Coral Springs",
        "Cordoba",
        "Cordoba",
        "Cordoba",
        "Cork",
        "Corlu",
        "Corona",
        "Coronel Fabriciano",
        "Coronel",
        "Corpus Christi",
        "Corrientes",
        "Corum",
        "Corumba",
        "Costa Mesa",
        "Cotabato City",
        "Cotia",
        "Cotonou",
        "Cottbus",
        "Coventry",
        "Craiova",
        "Crato",
        "Crawley",
        "Criciuma",
        "Cua",
        "Cuauhtemoc",
        "Cuautitlan",
        "Cuautla",
        "Cubatao",
        "Cucuta",
        "Cuddalore",
        "Cuenca",
        "Cuernavaca",
        "Cuiaba",
        "Culiacan",
        "Cumana",
        "Curico",
        "Curitiba",
        "Cusco",
        "Cuttack",
        "Czestochowa"
    ],
    "d": [
        "Da Lat",
        "Da Nang",
        "Dabgram",
        "Dabrowa Gornicza",
        "Dadu",
        "Daegu",
        "Daejeon",
        "Daet",
        "Dagupan",
        "Dahod",
        "Daito",
        "Dakar",
        "Dali",
        "Dalian",
        "Dallas",
        "Dallupura",
        "Daloa",
        "Daly City",
        "Damanhur",
        "Damascus",
        "Damietta",
        "Dammam",
        "Damoh",
        "Danao",
        "Danapur",
        "Dandong",
        "Dangyang",
        "Danjiangkou",
        "Danli",
        "Danyang",
        "Daqing",
        "Dar Es Salaam",
        "Daraga",
        "Darbhanga",
        "Darjeeling",
        "Darmstadt",
        "Darwin",
        "Daska",
        "Dasmarinas",
        "Dasoguz",
        "Datia",
        "Datong",
        "Davangere",
        "Davao City",
        "Dawei",
        "Dayton",
        "Dazhou",
        "Debrecen",
        "Deesa",
        "Dehiwala-Mount Lavinia",
        "Dehradun",
        "Dehri",
        "Deir ez Zor",
        "Delft",
        "Delhi Cantonment",
        "Delhi",
        "Delicias",
        "Delmas",
        "Dengzhou",
        "Denizli",
        "Denpasar",
        "Denton",
        "Denver",
        "Den Bosch",
        "Deoghar",
        "Deoli",
        "Deoria",
        "Depok",
        "Dera Ghazi Khan",
        "Derbent",
        "Derby",
        "Derince",
        "Derry",
        "Des Moines",
        "Dessie",
        "Detroit",
        "Dewas",
        "Deyang",
        "Dezful",
        "Dezhou",
        "Dhahran",
        "Dhaka",
        "Dhamtari",
        "Dhanbad",
        "Dhangadhi",
        "Dharan",
        "Dharmavaram",
        "Dholpur",
        "Dhule",
        "Diadema",
        "Diaobingshan",
        "Dibrugarh",
        "Digos",
        "Dijon",
        "Dili",
        "Dimapur",
        "Dimitrovgrad",
        "Dinajpur",
        "Dinalupihan",
        "Dindigul",
        "Dingzhou",
        "Diourbel",
        "Dipolog",
        "Dire Dawa",
        "Divinopolis",
        "Divo",
        "Diwaniyah",
        "Diyarbakir",
        "Djelfa",
        "Djibouti",
        "Dnipro",
        "Dodoma",
        "Doha",
        "Dohuk",
        "Dombivli",
        "Donetsk",
        "Dongchuan",
        "Dongguan",
        "Dongtai",
        "Dongyang",
        "Dongying",
        "Dordrecht",
        "Dortmund",
        "Dos Hermanas",
        "Dos Quebradas",
        "Douala",
        "Dourados",
        "Downey",
        "Dresden",
        "Dubai",
        "Dublin",
        "Dudley",
        "Duisburg",
        "Duitama",
        "Dujail",
        "Dujiangyan City",
        "Dum Dum",
        "Dumaguete",
        "Dundee",
        "Dunedin",
        "Dunhua",
        "Dunhuang",
        "Duque de Caxias",
        "Duran",
        "Durango",
        "Durban",
        "Durg",
        "Durgapur",
        "Durham",
        "Durres",
        "Dushanbe",
        "Dusseldorf",
        "Duyun",
        "Duzce",
        "Dzerzhinsk"
    ],
    "e": [
        "East Jerusalem",
        "Eastbourne",
        "Ebetsu",
        "Ebina",
        "Ecatepec",
        "Ede",
        "Ede",
        "Edinburgh",
        "Edirne",
        "Edmonton",
        "Eindhoven",
        "Ekibastuz",
        "El Aaiun",
        "El Alto",
        "El Eulma",
        "El Jadida",
        "El Khroub",
        "El Monte",
        "El-Obeid",
        "El Oued",
        "El Paso",
        "El Progreso",
        "El Tigre",
        "Elazig",
        "Elbasan",
        "Elblag",
        "Elche",
        "Eldoret",
        "Elektrostal",
        "Elgin",
        "Elista",
        "Elizabeth",
        "Elk Grove",
        "El-Mahalla El-Kubra",
        "Eluru",
        "Embu das Artes",
        "Emmen",
        "Engels",
        "English Bazar",
        "Enschede",
        "Ensenada",
        "Enshi",
        "Enugu",
        "Envigado",
        "Erbil",
        "Erfurt",
        "Erie",
        "Erlangen",
        "Erode",
        "Erzurum",
        "Escondido",
        "Escuintla",
        "Esenler",
        "Esfahan",
        "Eskisehir",
        "Esmeraldas",
        "Espoo",
        "Essen",
        "Etah",
        "Etawah",
        "Eugene",
        "Eujeongbu",
        "Evansville",
        "Everett",
        "Exeter",
        "Ezhou"
    ],
    "f": [
        "Facatativa",
        "Fairfield",
        "Faisalabad",
        "Faizabad",
        "Fallujah",
        "Fargo",
        "Faridabad",
        "Farrukhabad",
        "Fasa",
        "Fatehgarh",
        "Fatehpur",
        "Fayetteville",
        "Fayyum",
        "Feira de Santana",
        "Fengcheng",
        "Fenghua",
        "Fergana",
        "Fernando de la Mora",
        "Ferrara",
        "Ferraz de Vasconcelos",
        "Fes",
        "Fianarantsoa",
        "Firozabad",
        "Firozpur",
        "Flint",
        "Florence",
        "Florencia",
        "Florianopolis",
        "Floridablanca",
        "Floridablanca",
        "Foggia",
        "Fontana",
        "Forli",
        "Formosa",
        "Formosa",
        "Fort Collins",
        "Fort Lauderdale",
        "Fort Wayne",
        "Fort Worth",
        "Fortaleza",
        "Foshan",
        "Foz do Iguacu",
        "Fquih Ben Salah",
        "Franca",
        "Franceville",
        "Francisco Morato",
        "Francistown",
        "Franco da Rocha",
        "Frankfurt am Main",
        "Frederiksberg",
        "Freetown",
        "Freiburg im Breisgau",
        "Fremont",
        "Fresnillo",
        "Fresno",
        "Frisco",
        "Fu'an",
        "Fuchu",
        "Fuenlabrada",
        "Fuji",
        "Fujieda",
        "Fujimi",
        "Fujimino",
        "Fujin City",
        "Fujinomiya",
        "Fujisawa",
        "Fukaya",
        "Fukui",
        "Fukuoka",
        "Fukushima",
        "Fukuyama",
        "Fuling",
        "Fullerton",
        "Funabashi",
        "Funchal",
        "Furth",
        "Fusagasuga",
        "Fushun",
        "Fuxin",
        "Fuyang",
        "Fuzhou",
        "Fuzhou"
    ],
    "g": [
        "Gabes",
        "Gaborone",
        "Gadag-Betgeri",
        "Gagnoa",
        "Gainesville",
        "Galati",
        "Gandhidham",
        "Gandhinagar",
        "Ganganagar",
        "Gangapur",
        "Gangavati",
        "Gangneung",
        "Gangtok",
        "Ganzhou",
        "Gaocheng",
        "Gapan",
        "Garanhuns",
        "Garden Grove",
        "Garissa",
        "Garland",
        "Garoua",
        "Gatineau",
        "Gaya",
        "Gaza City",
        "Gaziantep",
        "Gdansk",
        "Gdynia",
        "Gebze",
        "Geelong",
        "Gejiu",
        "Geleen-Sittard",
        "Gelsenkirchen",
        "G@nc@",
        "General Mariano Alvarez",
        "General Santos",
        "General Trias",
        "Geneva",
        "Genova",
        "George Town",
        "Georgetown",
        "Germiston",
        "Getafe",
        "Ghardaia",
        "Gharraf [ar]",
        "Ghaziabad",
        "Ghazipur",
        "Ghazni",
        "Ghent",
        "Gifu",
        "Gijon",
        "Gilbert",
        "Gingoog",
        "Girardot",
        "Giresun",
        "Giridih",
        "Giugliano in Campania",
        "Giza",
        "Glan",
        "Glasgow",
        "Glendale",
        "Glendale",
        "Gliwice",
        "Gloucester",
        "Godhra",
        "Godoy Cruz",
        "Goiania",
        "Goicoechea",
        "Gojra",
        "Gojra",
        "Gokal Pur",
        "Gold Coast",
        "Golestan",
        "Goma",
        "Gomez Palacio",
        "Gonbad-e Qabus",
        "Gonda",
        "Gondal",
        "Gondar",
        "Gondiya",
        "Gongzhuling",
        "Gorakhpur",
        "Gorgan",
        "Gorom-Gorom",
        "Gorontalo",
        "Gorzow Wielkopolski",
        "Gothenburg",
        "Gottingen",
        "Governador Valadares",
        "Granada",
        "Granada",
        "Grand Prairie",
        "Grand Rapids",
        "Gravatai",
        "Graz",
        "Greater Noida",
        "Greater Sudbury",
        "Green Bay",
        "Greensboro",
        "Grenoble",
        "Gresham",
        "Groningen",
        "Grozny",
        "Guacara",
        "Guadalajara",
        "Guadalupe",
        "Guagua",
        "Guanajuato",
        "Guanare",
        "Guanghan",
        "Guangshui",
        "Guangyuan",
        "Guangzhou",
        "Guantanamo",
        "Guarapari",
        "Guarapuava",
        "Guaratingueta",
        "Guarenas",
        "Guaruja",
        "Guarulhos",
        "Guatemala City",
        "Guatire",
        "Guayaquil",
        "Guaymas",
        "Gudivada",
        "Guediawaye",
        "Guelma",
        "Guelmim",
        "Guelph",
        "Guigang",
        "Guilin",
        "Guimaraes",
        "Guimba",
        "Guiyang",
        "Gujiao",
        "Gujranwala",
        "Gujrat City",
        "Gujrat",
        "Gulbarga",
        "Gulu",
        "Gumi",
        "Guna",
        "Gunsan",
        "Guntakul",
        "Guntur",
        "Gurgaon",
        "Guri",
        "Gutersloh",
        "Guwahati",
        "Gwalior",
        "Gwangju",
        "Gweru",
        "Gyeongju",
        "Gyor",
        "Gyumri"
    ],
    "h": [
        "Ha Long",
        "Haarlem",
        "Haarlemmermeer",
        "Habikino",
        "Habra",
        "Hachinohe",
        "Hachioji",
        "Hadano",
        "Haeju",
        "Hafar Al-Batin",
        "Hafizabad",
        "Hagen",
        "Hagonoy",
        "Haicheng",
        "Haifa",
        "Haikou",
        "Ha'il",
        "Hailun",
        "Haining City",
        "Haiphong",
        "Hajipur",
        "Hakodate",
        "Hakusan",
        "Haldia",
        "Haldwani-cum-Kathgodam",
        "Halifax",
        "Halisahar",
        "Halle",
        "Hama",
        "Hamadan",
        "Hamamatsu",
        "Hamburg",
        "Hamhung",
        "Hami City",
        "Hamilton",
        "Hamilton",
        "Hamm",
        "Hampton",
        "Hamza",
        "Hanam",
        "Hancheng",
        "Handa",
        "Handan",
        "Hangzhou",
        "Hanoi",
        "Hanover",
        "Hanumangarh",
        "Hanzhong",
        "Haora",
        "Hapur",
        "Harar",
        "Harare",
        "Harbin",
        "Hardoi",
        "Hargeisa",
        "Haridwar",
        "Hartford",
        "Hassan",
        "Hastsal",
        "Hat Yai",
        "Hathras",
        "Hatsukaichi",
        "Havana",
        "Hawally",
        "Hawija",
        "Hayward",
        "Hazaribagh",
        "Hebi",
        "Hebron",
        "Hechi",
        "Heerlen-Kerkrade",
        "Hefei",
        "Hegang",
        "Heidelberg",
        "Heihe",
        "Heilbronn",
        "Helsingborg",
        "Helsinki",
        "Helwan",
        "Henderson",
        "Hengshui",
        "Hengyang",
        "Heraklion",
        "Herat",
        "Heredia",
        "Hermosillo",
        "Herne",
        "Heshan",
        "Hetian",
        "Heyuan",
        "Heze",
        "Hialeah",
        "Higashihiroshima",
        "Higashikurume",
        "Higashimurayama",
        "Higashiomi",
        "Higashiosaka",
        "High Point",
        "Higuey",
        "Hikone",
        "Hildesheim",
        "Hilla",
        "Himamaylan",
        "Himeji",
        "Hindaun",
        "Hindupur",
        "Hinganghat",
        "Hino",
        "Hirakata",
        "Hiratsuka",
        "Hirosaki",
        "Hiroshima",
        "Hisar",
        "Hitachi",
        "Hitachinaka",
        "Ho Chi Minh City",
        "Hobart",
        "Hofu",
        "Hofuf",
        "Hoima",
        "Holguin",
        "Hollywood",
        "Holon",
        "Homs",
        "Homyel",
        "Hong Kong",
        "Honghu",
        "Honolulu",
        "Horlivka",
        "Hortolandia",
        "Hoshangabad",
        "Hoshiarpur",
        "Hospet",
        "Hospitalet de Llobregat",
        "Hosur",
        "Houghly-Chinsura",
        "Houma",
        "Houston",
        "Hoya",
        "Hpa-An",
        "Hrodna",
        "Hsinchu",
        "Huadian",
        "Huaian",
        "Huaibei",
        "Huaihua",
        "Huainan",
        "Huaiyin",
        "Huambo",
        "Huancayo",
        "Huanghua",
        "Huangshan City",
        "Huangshi",
        "Huangyan",
        "Huanuco",
        "Huaraz",
        "Huaying",
        "Hubli-Dharwad",
        "Hudaida",
        "Huddersfield",
        "Hue",
        "Huelva",
        "Huhehaote",
        "Huichon",
        "Huixian",
        "Huizhou",
        "Huludao",
        "Hulunbuir",
        "Hunchun",
        "Huntington Beach",
        "Huntsville",
        "Huozhou",
        "Hurghada",
        "Huzhou",
        "Hyderabad",
        "Hyderabad",
        "Hyesan"
    ],
    "t": [
        "The Hague",
        "Ta'if",
        "Tabaco",
        "Taboao da Serra",
        "Tabriz",
        "Tabuk",
        "Tabuk",
        "Tacheng",
        "Tachikawa",
        "Tacloban",
        "Tacna",
        "Tacoma",
        "Tadepalligudem",
        "Tadipatri",
        "Taganrog",
        "Tagbilaran",
        "Taguig",
        "Tagum",
        "Tahoua",
        "Taian",
        "Taichung",
        "Tainan City",
        "Taipei",
        "Taiping",
        "Taiyuan",
        "Taiz",
        "Taizhou",
        "Taizhou",
        "Taji",
        "Tajimi",
        "Takamatsu",
        "Takaoka",
        "Takarazuka",
        "Takasaki",
        "Takatsuki",
        "Tal Afar",
        "Talavera",
        "Talca",
        "Talcahuano",
        "Taldiqorgan",
        "Talisay",
        "Talisay",
        "Tallahassee",
        "Tallinn",
        "Taloqan",
        "Tama",
        "Tamale",
        "Tambaram",
        "Tambov",
        "Tampa",
        "Tampere",
        "Tampico",
        "Tanauan",
        "Tanay",
        "Tanchon",
        "Tandil",
        "Tandoadam",
        "Tanga",
        "Tangail",
        "Tangerang",
        "Tangier",
        "Tangshan",
        "Tanjung Pinang",
        "Tanjungbalai",
        "Tanta",
        "Tanza",
        "Taonan",
        "Taourirt",
        "Tapachula",
        "Taranto",
        "Tarapoto",
        "Taraz",
        "Targu-Mures",
        "Tariba",
        "Tarija",
        "Tarlac City",
        "Tarnow",
        "Tarragona",
        "Tarsus",
        "Tartus",
        "Tashkent",
        "Tatui",
        "Taubate",
        "Taunggyi",
        "Tauranga",
        "Tawau",
        "Taytay",
        "Taza",
        "Tbilisi",
        "Tebessa",
        "Tebing Tinggi",
        "Tecoman",
        "Tegal",
        "Tegucigalpa",
        "Tehran",
        "Tehuacan",
        "Teixeira de Freitas",
        "Tekirdag",
        "Tel Aviv",
        "Telde",
        "Telford",
        "Tema",
        "Temara",
        "Tembisa",
        "Temecula",
        "Temirtau",
        "Tempe",
        "Temuco",
        "Tenali",
        "Tengzhou",
        "Teofilo Otoni",
        "Tepatitlan",
        "Tepic",
        "Teresina",
        "Teresopolis",
        "Termez",
        "Terni",
        "Ternopil",
        "Terrassa",
        "Tete",
        "Tetouan",
        "Thai Nguyen",
        "Thane",
        "Thanesar",
        "Thanjavur",
        "Thessaloniki",
        "Thies",
        "Thika",
        "Thimphu",
        "Thiruvananthapuram",
        "Thoothukudi",
        "Thornton",
        "Thousand Oaks",
        "Thrissur",
        "Thunder Bay",
        "Tianjin",
        "Tianmen",
        "Tianshui",
        "Tiaret",
        "Tieli",
        "Tieling",
        "Tijuana",
        "Tikrit",
        "Tilburg",
        "Timisoara",
        "Timon",
        "Tipitapa",
        "Tirana",
        "Tiruchchirappalli",
        "Tiruchirappalli",
        "Tirunelveli",
        "Tirupati",
        "Tiruppur",
        "Tiruvannamalai",
        "Tiruvottiyur",
        "Titagarh",
        "Tizi Ouzou",
        "Tlalnepantla",
        "Tlalpan",
        "Tlaquepaque",
        "Tlaxcala",
        "Tlemoen",
        "Toamasina",
        "Tochigi",
        "Tocuyito",
        "Toda",
        "Tokai",
        "Tokat",
        "Tokchon",
        "Tokorozawa",
        "Tokushima",
        "Tokuyama",
        "Tokyo",
        "Toledo",
        "Toledo",
        "Toledo",
        "Toliara",
        "Toluca",
        "Tolyatti",
        "Tomakomai",
        "Tomsk",
        "Tondabayashi",
        "Tongchuan",
        "Tonghua",
        "Tongi",
        "Tongjiang",
        "Tongliao",
        "Tongling",
        "Tongren",
        "Tonk",
        "Toowoomba",
        "Topeka",
        "Torbat-e Heydarieh",
        "Toride",
        "Toronto",
        "Torrance",
        "Torrejon de Ardoz",
        "Torreon",
        "Torun",
        "Tottori",
        "Touggourt",
        "Toulon",
        "Toulouse",
        "Tours",
        "Townsville",
        "Toyama",
        "Toyohashi",
        "Toyokawa",
        "Toyonaka",
        "Toyota",
        "Trabzon",
        "Trece Martires",
        "Trento",
        "Tres Lagoas",
        "Trier",
        "Trieste",
        "Trindade",
        "Tripoli",
        "Tripoli",
        "Trois-Rivieres",
        "Trondheim",
        "Trujillo",
        "Tsu",
        "Tsuchiura",
        "Tsukuba",
        "Tsuruoka",
        "Tsuyama",
        "Tubarao",
        "Tucson",
        "Tucurui",
        "Tuguegarao",
        "Tula de Allende",
        "Tula",
        "Tulancingo",
        "Tulsa",
        "Tulua",
        "Tulufan",
        "Tumaco",
        "Tumbes",
        "Tumbes",
        "Tumen",
        "Tumkur",
        "Tunis",
        "Tunja",
        "Turbo",
        "Turgutlu",
        "Turhal",
        "Turin",
        "Turkistan",
        "Turkmenabat",
        "Turku",
        "Tuticorin",
        "Tuxpan",
        "Tuxtla Gutierrez",
        "Tuz Khurmatu",
        "Tuzla",
        "Tver",
        "Tychy",
        "Tyumen"
    ],
    "i": [
        "Iasi",
        "Ibadan",
        "Ibague",
        "Ibaraki",
        "Ibarra",
        "Ibirite",
        "Ibri",
        "Ica",
        "Ichalakaranji",
        "Ichihara",
        "Ichikawa",
        "Ichinomiya",
        "Ichinoseki",
        "Idlib",
        "Ife",
        "Igarassu",
        "Iguala",
        "Iida",
        "Iizuka",
        "Ikeda",
        "Ikere-Ekiti",
        "Ikoma",
        "Iksan",
        "Ilagan",
        "Ilam",
        "Ilesa",
        "Ilheus",
        "Iligan",
        "Iloilo City",
        "Ilopango",
        "Ilorin",
        "Imabari",
        "Imbaba",
        "Imperatriz",
        "Imphal",
        "Imus",
        "Inazawa",
        "Incheon",
        "Indaiatuba",
        "Independence",
        "Indianapolis",
        "Indore",
        "Inegol",
        "Inezgane",
        "Inglewood",
        "Ingolstadt",
        "Innsbruck",
        "Ipatinga",
        "Ipiales",
        "Ipoh",
        "Ipswich",
        "Iquique",
        "Iquitos",
        "Irapuato",
        "Irbid",
        "Iriga",
        "Irkutsk",
        "Iruma",
        "Irvine",
        "Irving",
        "Isabela",
        "Isahaya",
        "Ise",
        "Isehara",
        "Isesaki",
        "Ishinomaki",
        "Iskandariya",
        "Iskenderun",
        "Islam Shahr",
        "Islamabad",
        "Ismailia",
        "Isparta",
        "Istanbul",
        "Itabira",
        "Itaborai",
        "Itabuna",
        "Itaguai",
        "Itagui",
        "Itajai",
        "Itami",
        "Itapecerica da Serra",
        "Itapetininga",
        "Itapevi",
        "Itapipoca",
        "Itaquaquecetuba",
        "Itatiba",
        "Itu",
        "Ituiutaba",
        "Itumbiara",
        "Ivano-Frankivsk",
        "Ivanovo",
        "Iwaki",
        "Iwakuni",
        "Iwata",
        "Iwatsuki",
        "Iwo",
        "Ixtapaluca",
        "Izeh",
        "Izhevsk",
        "Izmir",
        "Izmit",
        "Izumi",
        "Izumisano",
        "Izumo"
    ],
    "j": [
        "Jabalpur",
        "Jaboatao dos Guarapes",
        "Jacarei",
        "Jackson",
        "Jacksonville",
        "Jacobabad",
        "Jaen",
        "Jagadhri",
        "Jagdalpur",
        "Jagtial",
        "Jahrom",
        "Jaipur",
        "Jakarta",
        "Jalalabad",
        "Jalandhar",
        "Jalgaon",
        "Jalna",
        "Jalpaiguri",
        "Jamalpur",
        "Jamalpur",
        "Jambi",
        "Jammu",
        "Jamnagar",
        "Jamshedpur",
        "Jamundi",
        "Jamuria",
        "Jandira",
        "Japeri",
        "Jaragua do Sul",
        "Jaranwala",
        "Jau",
        "Jaunpur",
        "Jayapura",
        "Jeddah",
        "Jehanabad",
        "Jeju",
        "Jena",
        "Jeongeup",
        "Jeongju",
        "Jeonju",
        "Jequie",
        "Jerez de la Frontera",
        "Jersey City",
        "Jerusalem",
        "Jessore",
        "Jetpur",
        "Jhang",
        "Jhansi",
        "Jhelum",
        "Jhunjhunu",
        "Jiagedaqi",
        "Jiamusi",
        "Ji'an",
        "Ji'an",
        "Jiangmen",
        "Jiangshan",
        "Jiangyin",
        "Jiangyou",
        "Jiaohe",
        "Jiaojiang",
        "Jiaozhou City",
        "Jiaozuo",
        "Jiaxing",
        "Jiayuguan",
        "Jieshou",
        "Jijel",
        "Jimma",
        "Jimo",
        "Jinan",
        "Jinchang",
        "Jincheng",
        "Jind",
        "Jingdezhen",
        "Jingmen",
        "Jingzhou",
        "Jinhua",
        "Jining",
        "Jinshi City",
        "Jinzhong",
        "Jinzhou",
        "Ji-Parana",
        "Jiroft",
        "Jishou",
        "Jisr Diyala",
        "Jiujiang",
        "Jiuquan",
        "Jiutai",
        "Jiutepec",
        "Jixi",
        "Jiyuan",
        "Jizan",
        "Jizzakh",
        "Jleeb Al-Shuyoukh",
        "Joao Pessoa",
        "Jodhpur",
        "Joetsu",
        "Johannesburg",
        "Johor Bahru",
        "Joinville",
        "Joliet",
        "Jolo",
        "Jorhat",
        "Jos",
        "Juazeiro do Norte",
        "Juazeiro",
        "Juba",
        "Jubail",
        "Juiz de Fora",
        "Juliaca",
        "Junagadh",
        "Jundiai",
        "Juticalpa",
        "Jyvaskyla"
    ],
    "k": [
        "Kabankalan",
        "Kabul",
        "Kabwe",
        "Kadapa",
        "Kadhimiya",
        "Kadoma",
        "Kaduna",
        "Kaechon",
        "Kaesong",
        "Kafr El Sheikh",
        "Kagoshima",
        "Kahramanmaras",
        "Kaifeng",
        "Kaili",
        "Kairouan",
        "Kaithal",
        "Kaiyuan",
        "Kaiyuan",
        "Kajang",
        "Kakamigahara",
        "Kakegawa",
        "Kakinada",
        "Kakogawa",
        "Kalar",
        "Kaliningrad",
        "Kalisz",
        "Kallithea",
        "Kalol",
        "Kaluga",
        "Kalyan",
        "Kalyan-Dombivli",
        "Kalyani",
        "Kamagaya",
        "Kamakura",
        "Kamal Shahr",
        "Kamarhati",
        "Kamensk-Uralsky",
        "Kamianets-Podilskyi",
        "Kamianske",
        "Kamoke",
        "Kampala",
        "Kamptee",
        "Kamyshin",
        "Kananga",
        "Kanazawa",
        "Kanchipuram",
        "Kanchrapara",
        "Kandahar",
        "Kandy",
        "Kanggye",
        "Kangundo",
        "Kanhangad",
        "Kankan",
        "Kannur",
        "Kano",
        "Kanoya",
        "Kanpur",
        "Kansas City",
        "Kansas City",
        "Kaohsiung",
        "Kaolack",
        "Karabuk",
        "Karachi",
        "Karadeniz Eregli",
        "Karaganda",
        "Karaikkudi",
        "Karaj",
        "Karaman",
        "Karamay",
        "Karatsu",
        "Karawal Nagar",
        "Karbala",
        "Karimnagar",
        "Kariya",
        "Karlsruhe",
        "Karnal",
        "Karrada",
        "Karur",
        "Karuri",
        "Kasama",
        "Kasese",
        "Kasganj",
        "Kashan",
        "Kashgar",
        "Kashihara",
        "Kashipur",
        "Kashiwa",
        "Kaspiysk",
        "Kassala",
        "Kassel",
        "Kasuga",
        "Kasugai",
        "Kasukabe",
        "Kasur",
        "Kathlehong",
        "Kathmandu",
        "Katihar",
        "Katowice",
        "Kaunas",
        "Kawachinagano",
        "Kawagoe",
        "Kawaguchi",
        "Kawanishi",
        "Kawasaki",
        "Kayes",
        "Kayseri",
        "Kazan",
        "Kazo",
        "Kecskemet",
        "Kediri",
        "Keelung",
        "Kelowna",
        "Kemerovo",
        "Kempton Park",
        "Kenema",
        "Kenitra",
        "Kerch",
        "Kerman",
        "Kermanshah",
        "Kfar Saba",
        "Khabarovsk",
        "Khairpur",
        "Khamis Mushait",
        "Khammam",
        "Khan Bani Saad",
        "Khan Yunis",
        "Khandwa",
        "Khanewal",
        "Khanna",
        "Khanpur",
        "Kharagpur",
        "Khardaha",
        "Khargone",
        "Kharkiv",
        "Khartoum North",
        "Khartoum",
        "Khasavyurt",
        "Khayelitsha",
        "Khemisset",
        "Khenchela",
        "Khenifra",
        "Kherson",
        "Khimki",
        "Khmelnytskyi",
        "Khobar",
        "Khomeini Shahr",
        "Khon Kaen",
        "Khora",
        "Khoramabad",
        "Khoramshahr",
        "Khouribga",
        "Khoy",
        "Khulna",
        "Khurja",
        "Kidapawan",
        "Kiel",
        "Kielce",
        "Kigali",
        "Kikuyu",
        "Kikwit",
        "Killeen",
        "Kimberley",
        "Kimchaek",
        "Kimhae",
        "Kindia",
        "Kingston upon Hull",
        "Kingston",
        "Kingston",
        "Kinshasa",
        "Kira Town",
        "Kirari Suleman Nagar",
        "Kirikkale",
        "Kirishima",
        "Kirkuk",
        "Kirov",
        "Kirsehir",
        "Kiryu",
        "Kisangani",
        "Kisarazu",
        "Kishanganj",
        "Kishangarh",
        "Kishiwada",
        "Kislovodsk",
        "Kisumu",
        "Kitakyushu",
        "Kitale",
        "Kitami",
        "Kitchener",
        "Kitui",
        "Kitwe",
        "Kiziltepe",
        "Klaipeda",
        "Klang",
        "Kluang",
        "Knoxville",
        "Kobe",
        "Koblenz",
        "Kochi",
        "Kochi",
        "Kodaira",
        "Koforidua",
        "Kofu",
        "Koga",
        "Koganei",
        "Kohat",
        "Kokand",
        "Kokshetau",
        "Kokubunji",
        "Kolar",
        "Kolhapur",
        "Kolkata",
        "Kollam",
        "Kolomna",
        "Kolwezi",
        "Komaki",
        "Komatsu",
        "Komsomolsk-on-Amur",
        "Konosu",
        "Konya",
        "Kopeysk",
        "Korba",
        "Korhogo",
        "Koriyama",
        "Korla",
        "Korolyov",
        "Koronadal",
        "Koshigaya",
        "Kosice",
        "Kostanay",
        "Kosti",
        "Kostroma",
        "Koszalin",
        "Kota Bharu",
        "Kota Kinabalu",
        "Kota",
        "Kottayam",
        "Koutiala",
        "Kovrov",
        "Kozhikode",
        "Kragujevac",
        "Krakow",
        "Kraljevo",
        "Kramatorsk",
        "Krasnodar",
        "Krasnogorsk",
        "Krasnoyarsk",
        "Krefeld",
        "Kremenchuk",
        "Krishnanagar",
        "Kropyvnytskyi",
        "Krusevac",
        "Kryvyi Rih",
        "Kuala Lumpur",
        "Kuala Terengganu",
        "Kuantan",
        "Kuching",
        "Kufa",
        "Kuki",
        "Kulai",
        "Kulti",
        "Kumagaya",
        "Kumamoto",
        "Kumasi",
        "Kumbakonam",
        "Kunduz",
        "Kunming",
        "Kunshan",
        "Kuopio",
        "Kurashiki",
        "Kure",
        "Kurgan",
        "Kurichi",
        "Kurnool",
        "Kursk",
        "Kurume",
        "Kusatsu",
        "Kushiro",
        "Kusong",
        "Kut",
        "Kutahya",
        "Kutaisi",
        "Kuwait City",
        "Kuwana",
        "Kuytun",
        "Kwekwe",
        "Kyiv",
        "Kyoto",
        "Kyzyl",
        "Kyzylorda"
    ],
    "l": [
        "La Ceiba",
        "La Paz",
        "La Paz",
        "La Plata",
        "La Rioja",
        "La Romana",
        "La Serena",
        "La Trinidad",
        "La Union",
        "La Vega",
        "La Victoria",
        "Labo",
        "Lafayette",
        "Lagarto",
        "Lages",
        "Laghouat",
        "Lagos de Moreno",
        "Lagos",
        "Lahore",
        "Lahti",
        "Laiwu",
        "Laiyang",
        "Laizhou",
        "Lakewood",
        "Lakhimpur",
        "Lalitpur",
        "Lalitpur",
        "Lambare",
        "Lancaster",
        "Langfang",
        "Lansing",
        "Lanus",
        "Lanxi",
        "Lanzhou",
        "Laoag",
        "Laohekou",
        "Lapu-Lapu",
        "Larache",
        "Laredo",
        "Larissa",
        "Larkana",
        "Larnaca",
        "Las Palmas de Gran Canaria",
        "Las Pinas",
        "Las Tunas",
        "Las Vegas",
        "Latakia",
        "Latina",
        "Latur",
        "Lauro de Freitas",
        "Lausanne",
        "Laval",
        "Lavras",
        "Lazaro Cardenas",
        "Le Havre",
        "Le Mans",
        "Leeds",
        "Leeuwarden",
        "Leganes",
        "Legazpi",
        "Legnica",
        "Leicester",
        "Leiden",
        "Leipzig",
        "Leiyang",
        "Leling",
        "Lengshuijiang",
        "Lengshuitan",
        "Leninsk-Kuznetsky",
        "Leon",
        "Leon",
        "Leon",
        "Leshan",
        "Leskovac",
        "Leverkusen",
        "Levis",
        "Lexington",
        "Lhasa",
        "Lianyuan",
        "Lianyungang",
        "Liaocheng",
        "Liaoyang",
        "Liaoyuan",
        "Liberec",
        "Libmanan",
        "Libreville",
        "Lichinga",
        "Lichuan",
        "Liege",
        "Ligao",
        "Likasi",
        "Liling",
        "Lille",
        "Liloan",
        "Lilongwe",
        "Lima",
        "Limassol",
        "Limeira",
        "Limerick",
        "Limoges",
        "Lincoln",
        "Linfen",
        "Lingayen",
        "Linhai",
        "Linhares",
        "Linkoping",
        "Linqing",
        "Linxia",
        "Linyi",
        "Linz",
        "Lipa",
        "Lipetsk",
        "Lisbon",
        "Lishui",
        "Little Rock",
        "Liupanshui",
        "Liuzhou",
        "Liverpool",
        "Livingstone",
        "Livorno",
        "Ljubljana",
        "Lleida",
        "Lobito",
        "Lodz",
        "Logrono",
        "Loikaw",
        "Loja",
        "Lomas de Zamora",
        "Lome",
        "London",
        "London",
        "Londrina",
        "Long Beach",
        "Longjing",
        "Longkou",
        "Longueuil",
        "Longxuyen",
        "Longyan",
        "Loni",
        "Los Alcarrizos",
        "Los Angeles",
        "Los Angeles",
        "Los Banos",
        "Los Guayos",
        "Los Mochis",
        "Los Teques",
        "Loudi",
        "Louisville",
        "Lowell",
        "Lower Hutt",
        "Lu'an",
        "Luanda",
        "Luanshya",
        "Lubao",
        "Lubbock",
        "Lubeck",
        "Lublin",
        "Lubumbashi",
        "Lucena",
        "Lucknow",
        "Ludhiana",
        "Ludwigshafen am Rhein",
        "Lugazi",
        "Luhansk",
        "Luleburgaz",
        "Luohe",
        "Luoyang",
        "Luque",
        "Lusaka",
        "Luton",
        "Lutsk",
        "Luxembourg",
        "Luxor",
        "Luzhou",
        "Luziania",
        "Lviv",
        "Lyon",
        "Lysychansk",
        "Lyubertsy"
    ],
    "m": [
        "Ma'anshan",
        "Maastricht",
        "Mabalacat",
        "Macae",
        "Macapa",
        "Macau",
        "Maceio",
        "Machakos",
        "Machala",
        "Macheng",
        "Machida",
        "Machilipatnam",
        "Madanapalle",
        "Madhavaram",
        "Madhyamgram",
        "Madina",
        "Madison",
        "Madiun",
        "Madrid",
        "Madurai",
        "Maebashi",
        "Magalang",
        "Magangue",
        "Magdeburg",
        "Mage",
        "Magelang",
        "Magnitogorsk",
        "Magway",
        "Mahabad",
        "Mahajanga",
        "Mahbubnagar",
        "Maheshtala",
        "Mahmoudiyah",
        "Maicao",
        "Maidstone",
        "Maiduguri",
        "Mainpuri",
        "Mainz",
        "Makassar",
        "Makati",
        "Makeni",
        "Makhachkala",
        "Makiivka",
        "Malabo",
        "Malabon",
        "Malaga",
        "Malakal",
        "Malang",
        "Malappuram",
        "Malard",
        "Malasiqui",
        "Malatya",
        "Malaybalay",
        "Malayer",
        "Male",
        "Malegaon",
        "Malerkotla",
        "Malindi",
        "Malita",
        "Malmo",
        "Malolos",
        "Malungon",
        "Mamuju",
        "Man",
        "Manado",
        "Managua",
        "Manama",
        "Manaus",
        "Manavgat",
        "Manchester",
        "Manchester",
        "Mandalay",
        "Mandaluyong",
        "Mandaue",
        "Mandoli",
        "Mandsaur",
        "Mandya",
        "Mangaldan",
        "Mangalore",
        "Mangaung",
        "Mango",
        "Manila",
        "Manisa",
        "Manizales",
        "Mannheim",
        "Manolo Fortich",
        "Mansoura",
        "Manta",
        "Manzanillo",
        "Manzhouli",
        "Maoming",
        "Maputo",
        "Mar del Plata",
        "Maraba",
        "Maracaibo",
        "Maracanau",
        "Maracay",
        "Maradi",
        "Maramag",
        "Marand",
        "Maranguape",
        "Maraqeh",
        "Marawi",
        "Marbella",
        "Mardan",
        "Margilan",
        "Marica",
        "Marikina",
        "Marilao",
        "Marilia",
        "Maringa",
        "Marituba",
        "Mariupol",
        "Marivan",
        "Mariveles",
        "Markham",
        "Marrakech",
        "Marseille",
        "Marugame",
        "Marvdasht",
        "Mary",
        "Masaka",
        "Masaya",
        "Mascara",
        "Maseru",
        "Mashhad",
        "Masjed Soleyman",
        "Matadi",
        "Matamoros",
        "Matanzas",
        "Mataram",
        "Mataro",
        "Mathura",
        "Mati",
        "Matola",
        "Matsubara",
        "Matsudo",
        "Matsue",
        "Matsumoto",
        "Matsusaka",
        "Matsuyama",
        "Maturin",
        "Mau",
        "Maua",
        "Mawlamyine",
        "Maxixe",
        "Maykop",
        "Mazari Sharif",
        "Mazatlan",
        "Mazyr",
        "Mbandaka",
        "Mbarara",
        "Mbeya",
        "Mbour",
        "Mbuji-Mayi",
        "McAllen",
        "McKinney",
        "Mecca",
        "Medan",
        "Medea",
        "Medellin",
        "Medina",
        "Medinipur",
        "Meerut",
        "Mehsana",
        "Meihekou",
        "Meizhou",
        "Mejicanos",
        "Mekele",
        "Meknes",
        "Melbourne",
        "Melitopol",
        "Memphis",
        "Mendoza",
        "Merida",
        "Merida",
        "Mersin",
        "Mesa",
        "Mesquita",
        "Mesquite",
        "Messad",
        "Messina",
        "Metepec",
        "Metz",
        "Mexicali",
        "Mexico City",
        "Mexico",
        "Meycauayan",
        "Mezhdurechensk",
        "Miami Gardens",
        "Miami",
        "Miandoab",
        "Mianyang",
        "Miass",
        "Middlesbrough",
        "Midland",
        "Midsayap",
        "Milagro",
        "Milan",
        "Milton Keynes",
        "Miluo",
        "Milwaukee",
        "Minatitlan",
        "Mingechevir",
        "Minglanilla",
        "Mangora",
        "Minneapolis",
        "Minoh",
        "Minsk",
        "Minya",
        "Miqdadiyah",
        "Mira-Bhayandar",
        "Miramar",
        "Miri",
        "Mirpur Khas",
        "Miryalaguda",
        "Mirzapur-cum-Vindhyachal",
        "Misato",
        "Mishan",
        "Mishima",
        "Miskolc",
        "Misrata",
        "Mississauga",
        "Mitaka",
        "Mito",
        "Mixco",
        "Miyakonojo",
        "Miyazaki",
        "Mobile",
        "Moca",
        "Modena",
        "Modesto",
        "Modinagar",
        "Moers",
        "Moga",
        "Mogadishu",
        "Mogi das Cruzes",
        "Mogi Guacu",
        "Mogilev",
        "Mogpo",
        "Mohammadshahr",
        "Mohammedia",
        "Mojokerto",
        "Mombasa",
        "Monchengladbach",
        "Monclova",
        "Moncton",
        "Monrovia",
        "Montego Bay",
        "Monteria",
        "Monterrey",
        "Montes Claros",
        "Montevideo",
        "Montgomery",
        "Montpellier",
        "Montreal",
        "Montreuil",
        "Monywa",
        "Monza",
        "Mopti",
        "Moradabad",
        "Moratuwa",
        "Morelia",
        "Morena",
        "Moreno Valley",
        "Moriguchi",
        "Morioka",
        "Morogoro",
        "Morvi",
        "Moscow",
        "Mossoro",
        "Mostaganem",
        "Mostar",
        "Mostoles",
        "Mosul",
        "Motihari",
        "M'Sila",
        "Mudanjiang",
        "Mueang Samut Prakan",
        "Mufulira",
        "Mughalsarai",
        "Mukdahan",
        "Mukono Town",
        "Mulheim an der Ruhr",
        "Mulhouse",
        "Multan",
        "Mumbai",
        "Munger",
        "Munich",
        "Munster",
        "Muntinlupa",
        "Murcia",
        "Murfreesboro",
        "Muriae",
        "Muridke",
        "Murmansk",
        "Murom",
        "Murrieta",
        "Murwara",
        "Musashino",
        "Muscat",
        "Mushin",
        "Mustafabad",
        "Mutare",
        "Muttrah",
        "Muzaffargharh",
        "Muzaffarnagar",
        "Muzaffarpur",
        "Mwanza",
        "Myitkyina",
        "Mykolaiv",
        "Mymensingh",
        "Mysore",
        "Mytho",
        "Mytishchi",
        "Mzuzu"
    ],
    "n": [
        "Nabadwip",
        "Naberezhnye Chelny",
        "Nablus",
        "Nacala",
        "Nadiad",
        "Nador",
        "Naga",
        "Naga",
        "Nagahama",
        "Nagano",
        "Nagaoka",
        "Nagaon",
        "Nagapattinam",
        "Nagareyama",
        "Nagasaki",
        "Nagaur",
        "Nagda",
        "Nagercoil",
        "Nagoya",
        "Nagpur",
        "Naguanagua",
        "Naha",
        "Naic",
        "Naihati",
        "Nairobi",
        "Naivasha",
        "Najaf",
        "Najafabad",
        "Najran",
        "Nakhodka",
        "Nakhon Pathom",
        "Nakhon Ratchasima",
        "Nakhon Sawan",
        "Nakhon Si Thammarat",
        "Nakuru",
        "Nalchik",
        "Nalgonda",
        "Nam Dinh",
        "Namangan",
        "Nampo",
        "Nampula",
        "Namur",
        "Nanchang",
        "Nanchong",
        "Nancy",
        "Nanded",
        "Nanded-Waghala",
        "Nandurbar",
        "Nandyal",
        "Nangloi Jat",
        "Nanjing",
        "Nanning",
        "Nanping",
        "Nansana",
        "Nantes",
        "Nantong",
        "Nanyang",
        "Naperville",
        "Napier-Hastings",
        "Naples",
        "Nara",
        "Narasaraopet",
        "Narashino",
        "Narayanganj",
        "Narita",
        "Nashik",
        "Nashville",
        "Nasimshahr",
        "Nasiriyah",
        "Nassau",
        "Nasugbu",
        "Nasushiobara",
        "Natal",
        "Naucalpan",
        "Naujan",
        "Navapolatsk",
        "Navi Mumbai",
        "Navoiy",
        "Navojoa",
        "Navotas",
        "Navsari",
        "Nawabganj",
        "Nawabshah",
        "Naypyidaw",
        "Nazarabad",
        "Nazilli",
        "N'Djamena",
        "Ndola",
        "Neemuch",
        "Neftekamsk",
        "Nefteyugansk",
        "Negombo",
        "Neijiang",
        "Neiva",
        "Nellore",
        "Netanya",
        "Neuquen",
        "Neuss",
        "Nevinnomyssk",
        "New Delhi",
        "New Haven",
        "New Orleans",
        "New York",
        "Newark",
        "Newcastle upon Tyne",
        "Newcastle",
        "Newport News",
        "Newport",
        "Neyagawa",
        "Neyveli",
        "Ngong",
        "Nha Trang",
        "Niamey",
        "Nice",
        "Nicolas Romero",
        "Nicosia",
        "Nigde",
        "Niigata",
        "Niihama",
        "Niiza",
        "Nijmegen",
        "Nikopol",
        "Nilopolis",
        "Nimes",
        "Ningbo",
        "Ningde",
        "Nis",
        "Nishapur",
        "Nishinomiya",
        "Nishio",
        "Nishitokyo",
        "Niteroi",
        "Nizamabad",
        "Nizhnekamsk",
        "Nizhnevartovsk",
        "Nizhny Novgorod",
        "Nizhny Tagil",
        "Nizwa",
        "Nobeoka",
        "Noda",
        "Nogales",
        "Noginsk",
        "Noida",
        "Nonthaburi",
        "Norfolk",
        "Norilsk",
        "Norman",
        "Norrkoping",
        "North Barrackpur",
        "North Dumdum",
        "North Las Vegas",
        "Northampton",
        "Norwalk",
        "Norwich",
        "Norzagaray",
        "Nossa Senhora do Socorro",
        "Nottingham",
        "Nouakchott",
        "Nova Friburgo",
        "Nova Iguacu",
        "Novara",
        "Novi Sad",
        "Novo Gama",
        "Novo Hamburgo",
        "Novocheboksarsk",
        "Novocherkassk",
        "Novokuybyshevsk",
        "Novokuznetsk",
        "Novomoskovsk",
        "Novorossiysk",
        "Novoshakhtinsk",
        "Novosibirsk",
        "Novy Urengoy",
        "Noyabrsk",
        "Nuevo Laredo",
        "Nukus",
        "Numazu",
        "Nuremberg",
        "Nur-Sultan",
        "Nyala",
        "Nyeri",
        "Nyiregyhaza",
        "Nzerekore"
    ],
    "o": [
        "Oakland",
        "Oakville",
        "Oaxaca de Juarez",
        "Oberhausen",
        "Obihiro",
        "Obninsk",
        "Obuasi",
        "Oceanside",
        "Ocumare del Tuy",
        "Odawara",
        "Odense",
        "Odesa",
        "Odintsovo",
        "Offenbach am Main",
        "Ogaki",
        "Ogbomosho",
        "Oita",
        "Okara",
        "Okayama",
        "Okazaki",
        "Okene",
        "Okinawa",
        "Oklahoma City",
        "Oktyabrsky",
        "Olanchito",
        "Olathe",
        "Oldenburg",
        "Olinda",
        "Olmaliq",
        "Olomouc",
        "Olongapo",
        "Olsztyn",
        "Omaha",
        "Omdurman",
        "Ome",
        "Omsk",
        "Omuta",
        "Ongole",
        "Onitsha",
        "Onomichi",
        "Ontario",
        "Opole",
        "Oradea",
        "Orai",
        "Oral",
        "Oran",
        "Orange",
        "Ordos City",
        "Ordu",
        "Orebro",
        "Orekhovo-Zuyevo",
        "Orenburg",
        "Orizaba",
        "Orlando",
        "Orleans",
        "Ormoc",
        "Orsha",
        "Orsk",
        "Oruro",
        "Oryol",
        "Osaka",
        "Osaki",
        "Osasco",
        "Osh",
        "Oshawa",
        "Oshogbo",
        "Oshu",
        "Osijek",
        "Oskemen",
        "Oslo",
        "Osmanabad",
        "Osmaniye",
        "Osnabruck",
        "Osorno",
        "Ostrava",
        "Ota",
        "Otaru",
        "Otsu",
        "Ottawa",
        "Ouagadougou",
        "Ouargla",
        "Oujda",
        "Oulu",
        "Ourense",
        "Ourinhos",
        "Overland Park",
        "Oviedo",
        "Oxford",
        "Oxnard",
        "Oyama",
        "Oyo",
        "Ozamiz",
        "Ozhukarai"
    ],
    "p": [
        "Paarl",
        "Pabna",
        "Pachuca",
        "Padang",
        "Paderborn",
        "Padua",
        "Pagadian",
        "Paita",
        "Pakalongan",
        "Pakdasht",
        "Pakpattan",
        "Palakkad",
        "Palangkaraya",
        "Palanpur",
        "Palembang",
        "Palermo",
        "Palhoca",
        "Pali",
        "Pallavaram",
        "Palm Bay",
        "Palma de Mallorca",
        "Palmas",
        "Palmdale",
        "Palmira",
        "Palopo",
        "Palu",
        "Palwal",
        "Pamplona",
        "Panabo",
        "Panama City",
        "Panchkula",
        "Pangkal Pinang",
        "Panihati",
        "Panipat",
        "Panjin",
        "Panvel",
        "Panzhihua",
        "Paradise",
        "Parakou",
        "Paramaribo",
        "Parana",
        "Paranagua",
        "Paranaque",
        "Parauapebas",
        "Parbhani",
        "Parepare",
        "Parintins",
        "Paris",
        "Parla",
        "Parma",
        "Parnaiba",
        "Parnamirim",
        "Parral",
        "Pasadena",
        "Pasadena",
        "Pasay",
        "Pasig",
        "Passo Fundo",
        "Passos",
        "Pasto",
        "Pasuruan",
        "Patan",
        "Paterson",
        "Pathankot",
        "Pathein",
        "Patiala",
        "Patna",
        "Patos de Minas",
        "Patos",
        "Patras",
        "Paulinia",
        "Paulista",
        "Paulo Afonso",
        "Pavlodar",
        "Pavlohrad",
        "Pecs",
        "Pekanbaru",
        "Pelotas",
        "Pematang Siantar",
        "Pemba",
        "Pembroke Pines",
        "Penza",
        "Peoria",
        "Peoria",
        "Pereira",
        "Perez Zeledon",
        "Peristeri",
        "Perm",
        "Perpignan",
        "Perth",
        "Perugia",
        "Pervouralsk",
        "Pescara",
        "Peshawar",
        "Petah Tikva",
        "Petaling Jaya",
        "Petare",
        "Peterborough",
        "Petrolina",
        "Petropavl",
        "Petropavlovsk-Kamchatsky",
        "Petropolis",
        "Petrozavodsk",
        "Pforzheim",
        "Philadelphia",
        "Phnom Penh",
        "Phoenix",
        "Phyongsong",
        "Piacenza",
        "Piedecuesta",
        "Piedras Negras",
        "Pietermaritzburg",
        "Pikine",
        "Pikit",
        "Pilibhit",
        "Pimpri-Chinchwad",
        "Pinar del Rio",
        "Pindamonhangaba",
        "Pingdingshan",
        "Pingdu",
        "Pingliang",
        "Pingxiang",
        "Pinhais",
        "Pinsk",
        "Pir Mahal",
        "Piracicaba",
        "Piraeus",
        "Pisco",
        "Pitalito",
        "Pitesti",
        "Pithampur",
        "Pittsburgh",
        "Piura",
        "Plano",
        "Plaridel",
        "Playa del Carmen",
        "Pleven",
        "Plock",
        "Ploiesti",
        "Plovdiv",
        "Plymouth",
        "Plzen",
        "Poa",
        "Pococi",
        "Pocos de Caldas",
        "Podgorica",
        "Podolsk",
        "Pohang",
        "Pointe-Noire",
        "Pokhara",
        "Polomolok",
        "Poltava",
        "Pomona",
        "Ponce",
        "Pondicherry",
        "Ponta Grossa",
        "Pontianak",
        "Poole",
        "Popayan",
        "Porac",
        "Porbandar",
        "Port Blair",
        "Port Elizabeth",
        "Port Harcourt",
        "Port Louis",
        "Port Moresby",
        "Port Said",
        "Port St. Lucie",
        "Port Sudan",
        "Port-au-Prince",
        "Port-Gentil",
        "Portland",
        "Portmore",
        "Porto Alegre",
        "Porto Novo",
        "Porto Seguro",
        "Porto Velho",
        "Porto",
        "Portoviejo",
        "Portsmouth",
        "Posadas",
        "Potosi",
        "Potsdam",
        "Pouso Alegre",
        "Poza Rica de Hidalgo",
        "Poznan",
        "Pozuelos [es]",
        "Prague",
        "Praia Grande",
        "Praia",
        "Prato",
        "Presidente Prudente",
        "Preston",
        "Pretoria",
        "Pristina",
        "Probolinggo",
        "Proddatur",
        "Prokopyevsk",
        "Providence",
        "Provo",
        "Pskov",
        "Pucallpa",
        "Puducherry",
        "Pudukkottai",
        "Puebla de Zaragoza",
        "Pueblo",
        "Puente Alto",
        "Puerto Cabello",
        "Puerto Cortes",
        "Puerto Montt",
        "Puerto Plata",
        "Puerto Princesa",
        "Puerto Vallarta",
        "Pune",
        "Puno",
        "Punta Arenas",
        "Punto Fijo",
        "Puri",
        "Purnia",
        "Purulia",
        "Pushkino",
        "Putian",
        "Puyang",
        "Pyatigorsk",
        "Pyongyang"
    ],
    "q": [
        "Qa'em Shahr",
        "Qalat Sukkar",
        "Qalyub",
        "Qamishli",
        "Qarchak",
        "Qarshi",
        "Qatif",
        "Qazvin",
        "Qena",
        "Qianjiang",
        "Qidong",
        "Qingdao",
        "Qingtongxia",
        "Qingyang",
        "Qingyuan",
        "Qingzhou",
        "Qinhuangdao",
        "Qinyang",
        "Qinzhou",
        "Qiqihar",
        "Qitaihe",
        "Qods",
        "Qom",
        "Quanzhou",
        "Quchan",
        "Quebec City",
        "Queimados",
        "Quelimane",
        "Queretaro",
        "Quetta",
        "Quetzaltenango",
        "Quevedo",
        "Quezon",
        "Quezon City",
        "Qufu",
        "Qui Nhon",
        "Quibdo",
        "Quilmes",
        "Quilpue",
        "Quito",
        "Qujing",
        "Qurayyat",
        "Quzhou"
    ],
    "r": [
        "Rabat",
        "Rach Gia",
        "Radom",
        "Raebareli",
        "Rafah",
        "Rafsanjan",
        "Rahim Yar Khan",
        "Raichur",
        "Raigad",
        "Raiganj",
        "Raigarh",
        "Raipur",
        "Rajahmundry",
        "Rajapalayam",
        "Rajarhat",
        "Rajkot",
        "Rajnandgaon",
        "Rajpur Sonarpur",
        "Rajshahi",
        "Raleigh",
        "Ramadi",
        "Ramagundam",
        "Ramat Gan",
        "Rampur",
        "Ranaghat",
        "Rancagua",
        "Ranchi",
        "Rancho Cucamonga",
        "Ranebennuru",
        "Rangpur",
        "Raniganj",
        "Raqqa",
        "Ras al-Khaimah",
        "Rasht",
        "Rason",
        "Ratlam",
        "Ravenna",
        "Rawalpindi",
        "Rawson",
        "Reading",
        "Recife",
        "Recklinghausen",
        "Red Deer",
        "Regensburg",
        "Reggio Calabria",
        "Reggio Emilia",
        "Regina",
        "Rehovot",
        "Reims",
        "Relizane",
        "Remscheid",
        "Rennes",
        "Reno",
        "Renqiu",
        "Resende",
        "Resistencia",
        "Reus",
        "Reutlingen",
        "Rewa",
        "Rewari",
        "Reykjavik",
        "Reynosa",
        "Ribeirao das Neves",
        "Ribeirao Pires",
        "Ribeirao Preto",
        "Richmond Hill",
        "Richmond",
        "Richmond",
        "Richmond",
        "Riga",
        "Rijeka",
        "Rimini",
        "Rio Branco",
        "Rio Claro",
        "Rio Cuarto",
        "Rio das Ostras",
        "Rio de Janeiro",
        "Rio Grande",
        "Rio Verde",
        "Riobamba",
        "Riohacha",
        "Rishon LeZion",
        "Rishra",
        "Riverside",
        "Rivne",
        "Riyadh",
        "Rize",
        "Rizhao",
        "Robertsonpet",
        "Rochdale",
        "Rochester",
        "Rochester",
        "Rockford",
        "Rodriguez",
        "Rohtak",
        "Rome",
        "Rondonopolis",
        "Rongcheng",
        "Roodepoort",
        "Roorkee",
        "Rosario",
        "Rosario",
        "Rosario",
        "Roseville",
        "Rostock",
        "Rostov-on-Don",
        "Rotherham",
        "Rotterdam",
        "Rouen",
        "Round Rock",
        "Rourkela",
        "Roxas",
        "Rubtsovsk",
        "Ruda Slaska",
        "Rudny",
        "Rudrapur",
        "Rufisque",
        "Rui'an",
        "Ruichang",
        "Ruiru",
        "Ruse",
        "Russeifa",
        "Rustaq",
        "Rustavi",
        "Ruzhou",
        "Ryazan",
        "Rybinsk",
        "Rybnik",
        "Rzeszow"
    ],
    "s": [
        "S.A.S. Nagar",
        "Saanich",
        "Saarbrucken",
        "Sabadell",
        "Sabara",
        "Sabzewar",
        "Sacaba",
        "Sacramento",
        "Sadiqabad",
        "Sadr City",
        "Safi",
        "Saga",
        "Sagamihara",
        "Sagar",
        "Sagay",
        "Saguenay",
        "Saham",
        "Saharanpur",
        "Saharsa",
        "Sahiwal",
        "Saida",
        "Saidpur",
        "Saijo",
        "Saint Petersburg",
        "Saint-Denis",
        "Saint-Denis",
        "Saint-Etienne",
        "Saint-Louis",
        "Saint-Paul",
        "Saitama",
        "Sakado",
        "Sakai",
        "Sakakah",
        "Sakata",
        "Sakura",
        "Salalah",
        "Salamanca",
        "Salamanca",
        "Salatiga",
        "Salavat",
        "Sale",
        "Salem",
        "Salem",
        "Salerno",
        "Salihorsk",
        "Salinas",
        "Salmiya",
        "Salt Lake City",
        "Salta",
        "Saltillo",
        "Salto",
        "Salvador",
        "Salzburg",
        "Salzgitter",
        "Samal",
        "Samara",
        "Samarinda",
        "Samarkand",
        "Samarra",
        "Samawah",
        "Sambalpur",
        "Sambhal",
        "Samsun",
        "San Antonio",
        "San Bernardino",
        "San Bernardo",
        "San Buenaventura",
        "San Carlos",
        "San Carlos",
        "San Cristobal de La Laguna",
        "San Cristobal de Las Casas",
        "San Cristobal",
        "San Cristobal",
        "San Diego",
        "San Fernando",
        "San Fernando",
        "San Fernando de Apure",
        "San Fernando del Valle de Catamarca",
        "San Francisco",
        "San Francisco de Macoris",
        "San Francisco del Rincon",
        "San Idelfonso",
        "San Jose",
        "San Jose",
        "San Jose",
        "San Jose",
        "San Jose del Monte",
        "San Juan",
        "San Juan",
        "San Juan",
        "San Juan",
        "San Juan Bautista Tuxtepec",
        "San Juan de Giron",
        "San Juan de la Maguana",
        "San Juan del Rio",
        "San Lorenzo",
        "San Luis",
        "San Luis Potosi",
        "San Luis Rio Colorado",
        "San Martin",
        "San Mateo",
        "San Miguel",
        "San Miguel",
        "San Miguel de Tucuman",
        "San Miguelito",
        "San Nicolas",
        "San Nicolas de los Garza",
        "San Pablo",
        "San Pedro",
        "San Pedro de la Paz",
        "San Pedro de Macoris",
        "San Pedro Sula",
        "San Rafael",
        "San Salvador",
        "San Salvador de Jujuy",
        "San Sebastian",
        "Sana'a",
        "Sanandaj",
        "Sancti Spiritus",
        "Sanda",
        "Sandakan",
        "Sangli",
        "Sanliurfa",
        "Sanmenxia",
        "Sanming",
        "Sano",
        "San-Pedro",
        "Santa Ana de Coro",
        "Santa Ana",
        "Santa Ana",
        "Santa Barbara d'Oeste",
        "Santa Clara",
        "Santa Clara",
        "Santa Clarita",
        "Santa Coloma de Gramanet",
        "Santa Cruz",
        "Santa Cruz de la Sierra",
        "Santa Cruz de Tenerife",
        "Santa Cruz do Capibaribe",
        "Santa Cruz do Sul",
        "Santa Fe de Bogota",
        "Santa Fe",
        "Santa Lucia",
        "Santa Luzia",
        "Santa Maria",
        "Santa Maria",
        "Santa Marta",
        "Santa Rita",
        "Santa Rosa",
        "Santa Rosa",
        "Santa Tecla",
        "Santana de Parnaiba",
        "Santana",
        "Santander",
        "Santarem",
        "Santiago",
        "Santiago",
        "Santiago de Cuba",
        "Santiago de los Caballeros",
        "Santiago del Estero",
        "Santipur",
        "Santo Andre",
        "Santo Antonio de Jesus",
        "Santo Domingo",
        "Santo Domingo de los Colorados",
        "Santo Domingo Este",
        "Santo Domingo Norte",
        "Santo Domingo Oeste",
        "Santo Tomas",
        "Santo Tomas",
        "Santos",
        "Sanya",
        "Sao Bernardo do Campo",
        "Sao Caetano do Sul",
        "Sao Carlos",
        "Sao Goncalo",
        "Sao Joao de Meriti",
        "Sao Jose de Ribamar",
        "Sao Jose do Rio Preto",
        "Sao Jose dos Campos",
        "Sao Jose dos Pinhais",
        "Sao Jose",
        "Sao Leopoldo",
        "Sao Lourenco da Mata",
        "Sao Luis",
        "Sao Mateus",
        "Sao Paulo",
        "Sao Vicente",
        "Sapporo",
        "Sapucaia do Sul",
        "Saqez",
        "Sarajevo",
        "Saransk",
        "Sarapul",
        "Saratov",
        "Sargodha",
        "Sari",
        "Sariaya",
        "Sariwon",
        "Sasaram",
        "Sasebo",
        "Saskatoon",
        "Sassari",
        "Satara",
        "Satna",
        "Satu Mare",
        "Savannah",
        "Saveh",
        "Sawai Madhopur",
        "Sayama",
        "Schaerbeek",
        "Scottsdale",
        "Seam Reab",
        "Seattle",
        "Secunderabad",
        "Seeb",
        "Segou",
        "Sehore",
        "Sejong City",
        "Sekondi-Takoradi",
        "Seleyang Baru",
        "Semarang",
        "Semey",
        "Semnan",
        "Sendai",
        "Seongnam",
        "Seoni",
        "Seoul",
        "Serampore",
        "Seremban",
        "Sergiyev Posad",
        "Serpukhov",
        "Serra",
        "Sertaozinho",
        "Sete Lagoas",
        "Setif",
        "Seto",
        "Settat",
        "Sevastopol",
        "Severodvinsk",
        "Seversk",
        "Seville",
        "Sfax",
        "Shah Alam",
        "Shahe",
        "Shahin Shahr",
        "Shahjahanpur",
        "Shahrekord",
        "Shahreza",
        "Shahriar",
        "Shahrisabz",
        "Shahrud",
        "Shakhty",
        "Shamli",
        "Shanghai",
        "Shangluo",
        "Shangqiu",
        "Shangrao",
        "Shangzhi",
        "Shantou",
        "Shanwei",
        "Shaoguan",
        "Shaowu",
        "Shaoxing",
        "Shaoyang",
        "Sharjah",
        "Shchyolkovo",
        "Sheberghan",
        "Sheffield",
        "Sheikhu Pura",
        "Shenyang",
        "Shenzhen",
        "Sheopur",
        "Sherbrooke",
        "Shibin el-Kom",
        "Shihezi",
        "Shihung",
        "Shijiazhuang",
        "Shikarpur",
        "Shikohabad",
        "Shillong",
        "Shimizu",
        "Shimla",
        "Shimoga",
        "Shimonoseki",
        "Shinyanga",
        "Shiraz",
        "Shishi City",
        "Shishou",
        "Shivpuri",
        "Shiyan",
        "Shizuishan",
        "Shizuoka",
        "Shkoder",
        "Shreveport",
        "Shuangcheng",
        "Shuangyashan",
        "Shubra al Khaymah",
        "Shunan",
        "Shuozhou",
        "Shymkent",
        "Sialkote",
        "Siauliai",
        "Sibiu",
        "Sibu",
        "Sidi-bel-Abbes",
        "Siegen",
        "Sieverodonetsk",
        "Siirt",
        "Sikar",
        "Sikasso",
        "Silang",
        "Silay",
        "Silchar",
        "Siliguri",
        "Simferopol",
        "Simi Valley",
        "Simoes Filho",
        "Sincelejo",
        "Singapore",
        "Singkawang",
        "Singrauli",
        "Sinop",
        "Sinpo",
        "Sinuiji",
        "Sioux Falls",
        "Siping",
        "Sirjan",
        "Sirsa",
        "Sitapur",
        "Sittwe",
        "Sivas",
        "Siverek",
        "Siwan",
        "Sixth of October",
        "Skikda",
        "Skopje",
        "Slough",
        "Sloviansk",
        "Slupsk",
        "Smederevo",
        "Smolensk",
        "Soacha",
        "Sobral",
        "Sochi",
        "Sofia",
        "Sogamoso",
        "Sohag",
        "Sohar",
        "Soka",
        "Sokode",
        "Solapur",
        "Soledad",
        "Solihull",
        "Solingen",
        "Songyuan",
        "Sonipat",
        "Sorocaba",
        "Sorsogon City",
        "Sosnowiec",
        "Soubre",
        "Souk Ahras",
        "South Bend",
        "South Dum Dum",
        "South Tangerang",
        "Southampton",
        "Southend on Sea",
        "Soweto",
        "Soyapango",
        "Spanish Town",
        "Split",
        "Spokane",
        "Springfield",
        "Springfield",
        "Springfield",
        "Springs",
        "Sri Jayawardenepura Kotte",
        "Sri Muktsar Sahib",
        "Srikakulam",
        "Srinagar",
        "Ssabagabo",
        "St. Catharines",
        "St. Helens",
        "St. John's",
        "St. Louis",
        "St. Paul",
        "St. Petersburg",
        "Stakhanov",
        "Stamford",
        "Stara Zagora",
        "Stary Oskol",
        "Stavanger",
        "Stavropol",
        "Sterling Heights",
        "Sterlitamak",
        "Stockholm",
        "Stockport",
        "Stockton",
        "Stoke-on-Trent",
        "Strasbourg",
        "Stuttgart",
        "Subang Jaya",
        "Subic",
        "Subotica",
        "Suceava",
        "Sucre",
        "Suez",
        "Suhaj",
        "Suihua",
        "Suining",
        "Suita",
        "Suizhou",
        "Sujangarh",
        "Sukabumi",
        "Sukkur",
        "Sulamaniya",
        "Sullana",
        "Sultan Pur Majra",
        "Sultanbeyli",
        "Sultanpur",
        "Sumare",
        "Sumgait",
        "Sumy",
        "Suncheon",
        "Sunchon",
        "Sunderland",
        "Sungai Petani",
        "Sunnyvale",
        "Sunshine Coast",
        "Sunyani",
        "Suqian",
        "Sur",
        "Surabaya",
        "Surakarta",
        "Surat Thani",
        "Surat",
        "Surendranagar Dudhrej",
        "Surgut",
        "Surigao City",
        "Surprise",
        "Surrey",
        "Suryapet",
        "Suwayq",
        "Suwon",
        "Suzano",
        "Suzhou",
        "Suzhou",
        "Suzuka",
        "Swansea",
        "Swindon",
        "Sydney",
        "Syktyvkar",
        "Syracuse",
        "Syracuse",
        "Syzran",
        "Szczecin",
        "Szeged"
    ],
    "u": [
        "Uba",
        "Ube",
        "Uberaba",
        "Uberlandia",
        "Ubon Ratchathani",
        "Udaipur",
        "Udgir",
        "Udine",
        "Udon Thani",
        "Udupi",
        "Ueda",
        "Ufa",
        "Uji",
        "Ujjain",
        "Ulaanbaatar",
        "Ulan Hot",
        "Ulanqab",
        "Ulan-Ude",
        "Ulhasnagar",
        "Ulm",
        "Ulsan",
        "Uluberia",
        "Ulyanovsk",
        "Umlazi",
        "Umuarama",
        "Unaizah",
        "Unnao",
        "Uppsala",
        "Urasoe",
        "Urawa",
        "Urayasu",
        "Urdaneta",
        "Urgench",
        "Uribia",
        "Urmia",
        "Uruapan",
        "Uruguaiana",
        "Uruma",
        "Urumqi",
        "Usak",
        "Ussuriysk",
        "Utrecht",
        "Utsunomiya",
        "Uttarpara",
        "Uzhhorod"
    ],
    "v": [
        "Vacoas-Phoenix",
        "Vadodara",
        "Valdivia",
        "Valencia",
        "Valencia",
        "Valencia",
        "Valenzuela",
        "Valera",
        "Valinhos",
        "Valladolid",
        "Valle de Chalco",
        "Valledupar",
        "Vallejo",
        "Valparaiso de Goias",
        "Valparaiso",
        "Valsad",
        "Van",
        "Vancouver",
        "Vancouver",
        "Vantaa",
        "Vapi",
        "Varamin",
        "Varanasi",
        "Varginha",
        "Varna",
        "Varzea Grande",
        "Varzea Paulista",
        "Vasai-Virar",
        "Vasteras",
        "Vaughan",
        "Veliky Novgorod",
        "Vellore",
        "Venice",
        "Venlo",
        "Veracruz",
        "Veraval",
        "Verona",
        "Vespasiano",
        "Viamao",
        "Vicente Lopez",
        "Vicenza",
        "Victoria",
        "Victorville",
        "Vidisha",
        "Vienna",
        "Vientiane",
        "Vigo",
        "Vihiga",
        "Vijayawada",
        "Vila Nova de Gaia",
        "Vila Velha",
        "Villa Alemana",
        "Villa Nueva",
        "Villahermosa",
        "Villanueva",
        "Villavicencio",
        "Villeurbanne",
        "Vilnius",
        "Vina del Mar",
        "Vinh",
        "Vinnytsia",
        "Viransehir",
        "Virginia Beach",
        "Visakhapatnam",
        "Visalia",
        "Vitebsk",
        "Vitoria da Conquista",
        "Vitoria de Santo Antao",
        "Vitoria",
        "Vitoria-Gasteiz",
        "Vizianagaram",
        "Vladikavkaz",
        "Vladimir",
        "Vladivostok",
        "Vlore",
        "Volgodonsk",
        "Volgograd",
        "Vologda",
        "Volos",
        "Volta Redonda",
        "Volzhsky",
        "Voronezh",
        "Vosloorus",
        "Votorantim",
        "Vung Tau"
    ],
    "w": [
        "Waco",
        "Wad Madani",
        "Wafangdian",
        "Wah Cantonment",
        "Wakayama",
        "Walbrzych",
        "Wanica",
        "Wanzhou District",
        "Warangal",
        "Wardha",
        "Warren",
        "Warrington",
        "Warsaw",
        "Washington",
        "Waterbury",
        "Waterloo",
        "Wau",
        "Weifang",
        "Weihai",
        "Weihui",
        "Weinan",
        "Wellington",
        "Wendeng",
        "Wenzhou",
        "West Bromwich",
        "West Covina",
        "West Jordan",
        "West Valley City",
        "Westland",
        "Westminster",
        "Whitby",
        "Wichita Falls",
        "Wichita",
        "Wiesbaden",
        "Willemstad",
        "Wilmington",
        "Windhoek",
        "Windsor",
        "Winnipeg",
        "Winston-Salem",
        "Winterthur",
        "Wloclawek",
        "Wolfsburg",
        "Wollongong",
        "Wolverhampton",
        "Wonju",
        "Wonsan",
        "Worcester",
        "Wroclaw",
        "Wu'an",
        "Wuhai",
        "Wuhan",
        "Wuhu",
        "Wuppertal",
        "Wurzburg",
        "Wuwei",
        "Wuxi",
        "Wuxue",
        "Wuyishan",
        "Wuzhong",
        "Wuzhou"
    ],
    "x": [
        "Xai-Xai",
        "Xalapa",
        "Xiamen",
        "Xi'an",
        "Xiangtan",
        "Xiangyang",
        "Xianning",
        "Xiantao",
        "Xianyang",
        "Xiaogan",
        "Xiaoshan",
        "Xichang",
        "Xilinhot",
        "Xingcheng",
        "Xinghua",
        "Xingtai",
        "Xingyi",
        "Xining",
        "Xinji",
        "Xintai",
        "Xinxiang",
        "Xinyang",
        "Xinyi",
        "Xinyu",
        "Xinzhou",
        "Xo'jayli",
        "Xochimilco",
        "Xuancheng",
        "Xuchang"
    ],
    "y": [
        "Yachiyo",
        "Yaizu",
        "Yakeshi",
        "Yakutsk",
        "Yalova",
        "Yamagata",
        "Yamaguchi",
        "Yamato",
        "Yamoussoukro",
        "Yamuna Nagar",
        "Yan'an",
        "Yanbu",
        "Yancheng",
        "Yangjiang",
        "Yangon",
        "Yangquan",
        "Yangzhou",
        "Yanji",
        "Yantai",
        "Yao",
        "Yaounde",
        "Yaroslavl",
        "Yasuj",
        "Yatsushiro",
        "Yavatmal",
        "Yazd",
        "Yekaterinburg",
        "Yelets",
        "Yenakiieve",
        "Yeosu",
        "Yerevan",
        "Yessentuki",
        "Yevpatoria",
        "Yibin",
        "Yichang",
        "Yichun",
        "Yichun",
        "Yidu",
        "Yima",
        "Yinchuan",
        "Yingcheng",
        "Yingkou",
        "Yingtan",
        "Yining",
        "Yiwu",
        "Yixing",
        "Yiyang",
        "Yizheng",
        "Yogyakarta",
        "Yokkaichi",
        "Yokohama",
        "Yokosuka",
        "Yonago",
        "Yong'an",
        "Yongzhou",
        "Yonkers",
        "Yopal",
        "York",
        "Yoshkar-Ola",
        "Yuanjiang",
        "Yueyang",
        "Yulin",
        "Yulin",
        "Yumen",
        "Yuncheng",
        "Yusufiyah",
        "Yuxi",
        "Yuyao",
        "Yuzhno-Sakhalinsk",
        "Yuzhou"
    ],
    "z": [
        "Zaanstad",
        "Zabol",
        "Zabrze",
        "Zacatecas",
        "Zagazig",
        "Zagreb",
        "Zahedan",
        "Zama",
        "Zamboanga City",
        "Zamora de Hidalgo",
        "Zanjan",
        "Zanzibar City",
        "Zaoyang",
        "Zaozhuang",
        "Zapopan",
        "Zaporizhia",
        "Zaragoza",
        "Zaria",
        "Zarqa",
        "Zelenograd",
        "Zenica",
        "Zhalantun",
        "Zhangjiagang",
        "Zhangjiajie",
        "Zhangjiakou",
        "Zhangshu",
        "Zhangye",
        "Zhangzhou",
        "Zhanjiang",
        "Zhaodong",
        "Zhaoqing",
        "Zhaotong",
        "Zheleznodorozhny",
        "Zhengzhou",
        "Zhenjiang",
        "Zhongshan",
        "Zhoukou",
        "Zhoushan",
        "Zhucheng",
        "Zhuhai",
        "Zhuji",
        "Zhukovsky",
        "Zhumadian",
        "Zhuozhou",
        "Zhuzhou",
        "Zhytomyr",
        "Zibo",
        "Zielona Gora",
        "Zigong",
        "Ziguinchor",
        "Zihuatanejo",
        "Zinder",
        "Zipaquira",
        "Zixing",
        "Zlatoust",
        "Zoetermeer",
        "Zonguldak",
        "Zrenjanin",
        "Zunyi",
        "Zurich",
        "Zuwarah",
        "Zwolle"
    ]
}